station_slot_id,is_occupied,manufacturer_id,state,station_slot_position,pedelec_id,station_id,error_code,error_info
46,f,9f43aa0f-0fdc-410a-b1c7-601a2c59d42e,OPERATIVE,13,NULL,1,"",""
47,f,6fd3945e-2d9e-4af0-8969-c7a0f3459a56,OPERATIVE,4,NULL,1,"",""
48,f,8caa6836-ba6d-48e3-87ef-651f90968bab,OPERATIVE,12,NULL,1,"",""
49,f,d094e850-0c27-41b6-b97f-2d7c5301dc53,OPERATIVE,10,NULL,1,"",""
50,f,82b9d68f-b45c-4323-b8cf-0b73e0be192b,OPERATIVE,5,NULL,1,"",""
51,f,35a7b413-0bd3-4c9f-8592-9c24352c03cb,OPERATIVE,17,NULL,1,"",""
52,f,141293bf-f079-4b36-a183-0176b8ab6670,OPERATIVE,18,NULL,1,"",""
53,f,45dec466-7d6c-43fe-8924-928a2cc4832b,OPERATIVE,11,NULL,1,"",""
54,f,7838bfc6-0686-4621-b78a-5aac76bb80ec,OPERATIVE,7,NULL,1,"",""
55,f,fb2a4878-68da-4c0d-94b4-60a1ec355b6f,OPERATIVE,19,NULL,1,"",""
56,f,feb18c1b-d868-4a19-9f40-2f4b95833d5c,OPERATIVE,3,NULL,1,"",""
58,f,7b89cbe6-f1ee-47e9-ab90-0c83ab4ca02f,OPERATIVE,2,NULL,1,"",""
59,f,0a18d28f-342e-4570-9075-6bdfbded5cd2,OPERATIVE,15,NULL,1,"",""
60,f,52e5b34a-15d6-4ddc-ab52-a2f78b74c785,OPERATIVE,14,NULL,1,"",""
61,f,07fbbe10-d8b1-4c91-b43f-94b82682dbbe,OPERATIVE,20,NULL,1,"",""
62,f,87fd5b5a-9911-48db-832b-b4b9b027fd5a,OPERATIVE,8,NULL,1,"",""
63,f,c0011045-14d1-40fb-97db-74b60ef26bcb,OPERATIVE,9,NULL,1,"",""
64,f,35547926-54c0-4100-afa5-5ae4289e078f,OPERATIVE,6,NULL,1,"",""
66,f,f2f98c31-3ef1-495e-b7dc-3be46898acc4,OPERATIVE,2,NULL,2,"",""
67,f,c765ef64-c167-4de8-a8e3-5ada129fec2b,OPERATIVE,8,NULL,2,"",""
68,f,02c97c64-3ea7-48c8-a774-b53ebe9fefbe,OPERATIVE,6,NULL,2,"",""
69,f,d43204f4-5667-445e-a273-b8549852a691,OPERATIVE,10,NULL,2,"",""
70,f,94c0959e-b534-4a7d-a0de-9c86442c684b,OPERATIVE,9,NULL,2,"",""
71,f,834cfc6a-61ca-4478-9d0b-d096ccf8b87c,OPERATIVE,11,NULL,2,"",""
72,f,b32753bf-15a8-4fa6-8bf5-b50b716a3439,OPERATIVE,7,NULL,2,"",""
73,f,f79e834c-492c-4575-8d07-5188e9607d89,OPERATIVE,18,NULL,2,"",""
74,f,f5d222df-b4ab-48e7-a429-bc1c81b47a95,OPERATIVE,16,NULL,2,"",""
76,f,232576fe-4371-4efe-9a21-4e695eaf3882,OPERATIVE,15,NULL,2,"",""
77,f,37bbe040-d0d2-4497-a918-6c79f0a7e783,OPERATIVE,13,NULL,2,"",""
79,f,ea2cc458-4e63-44ba-88bd-5452f1a2b9c7,OPERATIVE,19,NULL,2,"",""
80,f,fec8b383-8588-46c8-bbdd-9c0f65167d63,OPERATIVE,20,NULL,2,"",""
81,f,2438fb4f-2a2f-4171-b62d-f63855dedac5,OPERATIVE,17,NULL,2,"",""
82,f,d4321828-3571-4de8-a3ab-518f9464a6c5,OPERATIVE,3,NULL,2,"",""
83,f,09eab238-c740-4d43-a4f7-9a90c146e01c,OPERATIVE,12,NULL,2,"",""
85,f,8f04e763-86ec-4b5a-897a-2d5267c7ff39,OPERATIVE,1,NULL,2,"",""
86,f,0dab7a6d-c244-4258-b6ea-6613fe75a2a4,OPERATIVE,18,NULL,3,"",""
87,f,6533b115-7e24-4c20-b72b-820edde8426a,OPERATIVE,15,NULL,3,"",""
88,f,81a62aa0-a59b-4e4f-81fc-d7a644f294de,OPERATIVE,9,NULL,3,"",""
89,f,75bd09af-c48b-4b14-99ae-74f9a36e7184,OPERATIVE,2,NULL,3,"",""
90,f,40bbae38-4a8f-4814-a4d2-c7ad6557af00,OPERATIVE,20,NULL,3,"",""
91,f,1e91d86b-d31d-41c1-832d-522074372b61,OPERATIVE,19,NULL,3,"",""
92,f,62c17907-199d-4507-88f4-ed9457ad512d,OPERATIVE,12,NULL,3,"",""
93,f,6d57e727-c48c-42a0-a66d-3d72f8dd6faa,OPERATIVE,7,NULL,3,"",""
94,f,048b2b98-2ae1-4f01-904e-6d511673a2c7,OPERATIVE,8,NULL,3,"",""
95,f,83146d77-2f89-4e3a-8a5f-448102a998f5,OPERATIVE,6,NULL,3,"",""
96,f,907c7219-4519-4412-9de4-bfdf2e2c964e,OPERATIVE,1,NULL,3,"",""
97,f,fef9cbd7-6a99-40e1-853e-79434bb183c2,OPERATIVE,14,NULL,3,"",""
98,f,df515b7d-2fae-46b7-9e17-dfc906e150b7,OPERATIVE,10,NULL,3,"",""
99,f,04429272-b875-478c-82c0-5db6a5bf8524,OPERATIVE,17,NULL,3,"",""
100,f,d7629b4b-b0d1-498b-bdd4-effe9d6957b4,OPERATIVE,5,NULL,3,"",""
101,f,9efe5f02-366b-4bec-8cea-e6365bd857e3,OPERATIVE,3,NULL,3,"",""
102,f,466bebdd-b738-44db-9ebc-0ba7559e3229,OPERATIVE,13,NULL,3,"",""
103,f,145e0fa2-a3e7-4d80-bd1c-874037cf8d48,OPERATIVE,11,NULL,3,"",""
104,f,364d80cb-ec11-4f8a-b686-95da25e520a9,OPERATIVE,16,NULL,3,"",""
105,f,fcea5bb5-eee4-4466-9454-00cc039d417a,OPERATIVE,4,NULL,3,"",""
106,f,0e899794-c7db-4af7-9d79-476a5dad1468,OPERATIVE,3,NULL,4,"",""
107,f,aa147018-db36-4abe-8dfd-c12444849c3d,OPERATIVE,17,NULL,4,"",""
108,f,8fd7808f-87d9-49bc-8ba7-3c7be3a95a81,OPERATIVE,9,NULL,4,"",""
109,f,f1cffc99-5ee1-46ad-8bd7-0a7387d776e3,OPERATIVE,10,NULL,4,"",""
110,f,9700f243-27b6-4859-9a05-dbb05f6fd253,OPERATIVE,19,NULL,4,"",""
111,f,01482309-3c08-4453-a980-47c755c3b09e,OPERATIVE,8,NULL,4,"",""
112,f,6185d26a-96da-471a-a95d-9725e31086ad,OPERATIVE,11,NULL,4,"",""
113,f,33c7851d-da23-4521-b834-9737f0c2c75a,OPERATIVE,2,NULL,4,"",""
115,f,e4193b03-f9a9-4700-a79c-5611539692dd,OPERATIVE,15,NULL,4,"",""
57,f,45009c85-44cf-4f12-89af-74418971cd9c,OPERATIVE,16,NULL,1,"",""
78,f,52cba528-4270-4935-a196-a4d88566318b,OPERATIVE,4,NULL,2,"",""
75,f,6f187c3f-44ed-4770-85dc-4547bd341673,OPERATIVE,14,NULL,2,"",""
114,f,d3b90fe3-9f45-4ea2-9f54-577b93f8181a,OPERATIVE,5,NULL,4,"",""
84,t,65f13dfc-b34d-4d69-8591-095b532edf85,OPERATIVE,5,1,2,"",""
116,f,43bf094c-fd6e-44eb-8e12-cd4a065a6581,OPERATIVE,4,NULL,4,"",""
117,f,b82107c8-2634-468e-8775-e4d955b17da1,OPERATIVE,7,NULL,4,"",""
118,f,c4248834-392d-4dce-ad00-cf20785c05d0,OPERATIVE,12,NULL,4,"",""
119,f,4d4d9232-a0b4-442e-be95-d8a5edad1f54,OPERATIVE,14,NULL,4,"",""
120,f,c8a458d8-db4b-4160-aeb2-2054daf8aeef,OPERATIVE,20,NULL,4,"",""
121,f,74c15e19-c284-4a4c-8980-6afd852883ae,OPERATIVE,1,NULL,4,"",""
122,f,3afdf40a-e880-4223-a772-095d7cdc614d,OPERATIVE,18,NULL,4,"",""
123,f,7c2abe9d-210c-435b-b6db-b269158e6d5e,OPERATIVE,16,NULL,4,"",""
124,f,224fd886-cb94-4e63-8976-17d4e509bf1a,OPERATIVE,6,NULL,4,"",""
125,f,847ca72b-47c4-4278-b837-88718e5da374,OPERATIVE,13,NULL,4,"",""
65,f,c722836f-6674-4893-9970-1936305a590b,OPERATIVE,1,NULL,1,"",""
146,f,443423,NULL,4,NULL,8,NULL,
148,f,asbs453,NULL,22,NULL,8,NULL,
149,f,1,NULL,1,NULL,6,NULL,
31263151,f,TJSN62OSX9WU,OPERATIVE,20,NULL,2,NULL,
47202705,f,9HHC4HWW80BL,OPERATIVE,21,NULL,2,NULL,
76337338,f,WJV6QC5SGUNO,OPERATIVE,22,NULL,2,NULL,
20664790,f,XKB8QTVC56XE,OPERATIVE,23,NULL,2,NULL,
41722841,f,KEG9X83NM1QW,OPERATIVE,24,NULL,2,NULL,
93550210,f,FSW9UXLFAS3V,OPERATIVE,25,NULL,2,NULL,
30015591,t,3MQMTFP06WK8,OPERATIVE,26,40952377,2,NULL,
21519778,f,F9Y6HNOTC45T,OPERATIVE,27,NULL,2,NULL,
72228023,t,2OE2VPK6O3OQ,OPERATIVE,28,45774215,2,NULL,
11106393,t,MLEBUSL0OJVF,OPERATIVE,29,78290632,2,NULL,
17066934,t,T36IKTFLNWJI,OPERATIVE,30,18994986,2,NULL,
10141037,f,RRENGPCZY87U,OPERATIVE,31,NULL,2,NULL,
25347528,t,D09CFQPFAW0Y,OPERATIVE,32,50830945,2,NULL,
80008015,t,6KJN5AQVT22B,OPERATIVE,33,46810651,2,NULL,
88700769,t,O1UI75U7F0K2,OPERATIVE,34,68357423,2,NULL,
74336663,t,EPMYY6E37RNI,OPERATIVE,35,56459200,2,NULL,
71947694,f,KCBPUUAOKYZQ,OPERATIVE,0,NULL,7,NULL,
90263607,f,KJAFR5J23E2J,OPERATIVE,1,NULL,7,NULL,
71412005,f,OZY5P7HD2TR0,OPERATIVE,2,NULL,7,NULL,
46301446,f,4YXCJKU0MFSQ,OPERATIVE,3,NULL,7,NULL,
93752124,f,0M165G1EYTFU,OPERATIVE,4,NULL,7,NULL,
92771200,f,93Y18W7RRXJ5,OPERATIVE,5,NULL,7,NULL,
16018094,t,JGDJ26O8SBRO,OPERATIVE,6,35388375,7,NULL,
89591779,t,LOIMMF2K6EQ6,OPERATIVE,7,83202051,7,NULL,
41569929,t,IR24TN0VNT8M,OPERATIVE,8,49672288,7,NULL,
72281025,t,32XC73EHQLFR,OPERATIVE,9,32876566,7,NULL,
73755879,f,TXVVUTIJQOA4,OPERATIVE,10,NULL,7,NULL,
95659750,t,ISP4QRCDXQ3M,OPERATIVE,11,56052424,7,NULL,
98553220,t,ZUTN1QRKVQB2,OPERATIVE,12,29577801,7,NULL,
47340545,t,56Q6STVFGKG1,OPERATIVE,13,97797756,7,NULL,
23650059,t,DTYNVP4XXGT4,OPERATIVE,14,38756454,7,NULL,
60153410,t,QB4COAT98ZO9,OPERATIVE,15,61099508,7,NULL,
19313140,f,OZYWFSTKLTJV,OPERATIVE,1,NULL,6,NULL,
15572874,f,6F0YFRXQ2TOB,OPERATIVE,2,NULL,6,NULL,
50025272,f,JFFSV8CBHTWS,OPERATIVE,3,NULL,6,NULL,
43707252,f,N2LF2GG4B8NP,OPERATIVE,4,NULL,6,NULL,
99340262,t,RO00HF6RBWF2,OPERATIVE,5,39251469,6,NULL,
52165534,f,3C5SDUGP7AML,OPERATIVE,6,NULL,6,NULL,
77193441,f,O4KVRNOYXMKS,OPERATIVE,7,NULL,6,NULL,
53824302,t,MB6RJZ81J3Z7,OPERATIVE,8,29291870,6,NULL,
16180157,f,81A5UK0X0O93,OPERATIVE,9,NULL,6,NULL,
86641401,t,5EB47QK3GSB7,OPERATIVE,10,74669230,6,NULL,
56274834,t,5QLVFSVQS2ZF,OPERATIVE,11,48518551,6,NULL,
88387382,t,LZBO9YPY3SKI,OPERATIVE,12,83994270,6,NULL,
12318234,t,L9TIEIFGF8W8,OPERATIVE,13,28869699,6,NULL,
29149654,t,DNMJNFIZF242,OPERATIVE,14,58966128,6,NULL,
84975645,t,AG4H8GILGPVS,OPERATIVE,15,41580358,6,NULL,
16969893,t,DJF5Z6KQROYW,OPERATIVE,16,13455995,6,NULL,
73902133,t,0QH9BMRH7MEF,OPERATIVE,2,81850773,8,NULL,
28799305,f,MY3OB92SWSYV,OPERATIVE,3,NULL,8,NULL,
99851311,f,XQ7RSIMUSQYQ,OPERATIVE,4,NULL,8,NULL,
12853684,f,IVWJQE14PUUH,OPERATIVE,5,NULL,8,NULL,
71803144,f,SKVTMMNWGCRS,OPERATIVE,6,NULL,8,NULL,
87722531,t,QGGJQTM4SG5V,OPERATIVE,7,39376556,8,NULL,
82917379,f,MWDSVZBI9PF3,OPERATIVE,8,NULL,8,NULL,
13613633,f,K7N9OO49ZO4T,OPERATIVE,9,NULL,8,NULL,
81948878,t,3G2YNTJKLOSQ,OPERATIVE,10,88461811,8,NULL,
40019859,f,VT0DIQT51DH5,OPERATIVE,11,NULL,8,NULL,
49373987,t,47OURS8LXIRO,OPERATIVE,12,10698029,8,NULL,
30121419,t,F3COP2K041G1,OPERATIVE,13,40152511,8,NULL,
16786498,t,X6UM28XF45MM,OPERATIVE,14,76723943,8,NULL,
46235498,t,9IAZCK9SYJ7K,OPERATIVE,15,87917950,8,NULL,
18762732,t,P6HT0M9X3FO9,OPERATIVE,16,18379336,8,NULL,
32311302,t,U5LDJDZOYLZO,OPERATIVE,17,16378063,8,NULL,
58565115,f,A9NY440G7AGM,OPERATIVE,0,NULL,9,NULL,
79398006,f,LNFM7VJU2UWH,OPERATIVE,1,NULL,9,NULL,
17527290,t,FALJQ4EKNU45,OPERATIVE,2,87263503,9,NULL,
65123998,t,GKUWF3UN9G4S,OPERATIVE,3,91375529,9,NULL,
87487639,t,548EQ5G75T65,OPERATIVE,4,88705427,9,NULL,
64450014,f,3AC90EMM0AQN,OPERATIVE,5,NULL,9,NULL,
76663117,t,F4INC4PDBFS4,OPERATIVE,6,13208647,9,NULL,
25049655,f,MWVBQR17N3TF,OPERATIVE,7,NULL,9,NULL,
86330449,t,FC8ZKEH9MJ3N,OPERATIVE,8,81845961,9,NULL,
88966572,f,Y5642HVGQGZV,OPERATIVE,9,NULL,9,NULL,
51402844,f,F86OEV2MZAZY,OPERATIVE,10,NULL,9,NULL,
40903754,t,QSHN8TTD2S8N,OPERATIVE,11,72342731,9,NULL,
49798963,t,Z72F5IT7RXTG,OPERATIVE,12,69089849,9,NULL,
41131176,t,D40ONATXTFWX,OPERATIVE,13,27516829,9,NULL,
12575324,t,1J8GXNYBTDXQ,OPERATIVE,14,65331006,9,NULL,
69832959,t,Y77HAMS5RON0,OPERATIVE,15,90085200,9,NULL,
10731982,f,YVHQNGDPZOJE,OPERATIVE,0,NULL,11,NULL,
12532352,f,FOCDDWDGF50E,OPERATIVE,1,NULL,11,NULL,
87229779,f,LT7LGS0GGV7L,OPERATIVE,2,NULL,11,NULL,
71750665,f,U25074YCLGB1,OPERATIVE,3,NULL,11,NULL,
84528533,t,WFQ8E5S81H7Q,OPERATIVE,4,33883907,11,NULL,
29343561,f,8LQE3ZTOA2HV,OPERATIVE,5,NULL,11,NULL,
62268071,f,H0MCZ3M0PV15,OPERATIVE,6,NULL,11,NULL,
96212721,f,I6BAKJGNR4GZ,OPERATIVE,7,NULL,11,NULL,
30158004,t,Z0BRKEDIHOWT,OPERATIVE,8,41291830,11,NULL,
58113550,t,GH65ZAO7QDNH,OPERATIVE,9,80785248,11,NULL,
52975171,f,HSBJIFJAR1WM,OPERATIVE,10,NULL,11,NULL,
46720438,t,V7W25Q5CNLT7,OPERATIVE,11,58638796,11,NULL,
50862598,t,D4EQWUO6UDFH,OPERATIVE,12,77745633,11,NULL,
85092040,t,K4VTGKAN9N1P,OPERATIVE,13,99756453,11,NULL,
26777824,t,67J1YE9X7N0L,OPERATIVE,14,66915509,11,NULL,
22282167,t,VFRW3095NQ53,OPERATIVE,15,69638181,11,NULL,
21471675,f,VY4P1ZK2XW5C,OPERATIVE,0,NULL,12,NULL,
55688600,f,XTO60Q80J0EL,OPERATIVE,1,NULL,12,NULL,
68211100,f,6HVRVVUIIC8Q,OPERATIVE,2,NULL,12,NULL,
70607524,f,DIX9YZVYPCH7,OPERATIVE,3,NULL,12,NULL,
40970629,f,DZNYA2EDGOUB,OPERATIVE,4,NULL,12,NULL,
73994922,f,V70QTJZAJYK1,OPERATIVE,5,NULL,12,NULL,
29428871,f,8CLJ5NJNUKOY,OPERATIVE,6,NULL,12,NULL,
72495012,f,2SYUKOBQY6XU,OPERATIVE,7,NULL,12,NULL,
67026085,t,GI33WAYL92W0,OPERATIVE,8,54928264,12,NULL,
13637845,f,YS5MYIR3XQ1B,OPERATIVE,9,NULL,12,NULL,
42947892,f,SNFBD26W3BEA,OPERATIVE,10,NULL,12,NULL,
94766096,t,XX7JIWJCB39N,OPERATIVE,11,23464286,12,NULL,
70866522,t,XET1M480FZJZ,OPERATIVE,12,72619152,12,NULL,
59511727,t,FNMMKMFZ64P8,OPERATIVE,13,22233432,12,NULL,
33705240,t,JM4E2GIMBBVB,OPERATIVE,14,68243585,12,NULL,
65083212,t,ZIC255QY5X85,OPERATIVE,15,57634356,12,NULL,
52047885,f,JJTX9BVYGAPH,OPERATIVE,20,NULL,1,NULL,
36848953,f,8DIUFBEHA7W4,OPERATIVE,21,NULL,1,NULL,
76306423,t,VFPG4VNMED2N,OPERATIVE,22,83420267,1,NULL,
19232215,f,V02VH201GIEL,OPERATIVE,23,NULL,1,NULL,
21043367,f,F5JSZ64IZJHM,OPERATIVE,24,NULL,1,NULL,
85427984,f,D6UOQN3CY92I,OPERATIVE,25,NULL,1,NULL,
29900749,t,QG9BI7QN5LRB,OPERATIVE,26,30158019,1,NULL,
39488283,f,45956ZALTC62,OPERATIVE,27,NULL,1,NULL,
36014253,f,WTLP8ZD30I8S,OPERATIVE,28,NULL,1,NULL,
46673260,f,YLOT8D7MHKB0,OPERATIVE,29,NULL,1,NULL,
61409468,t,ELIRRQVCIGM9,OPERATIVE,30,32860234,1,NULL,
23252886,t,AALG4PA4PI42,OPERATIVE,31,60295279,1,NULL,
81706282,f,P5MJ03EVXUZU,OPERATIVE,32,NULL,1,NULL,
24047374,t,XSJLV7PHCYVY,OPERATIVE,33,43958945,1,NULL,
82907204,t,I7K5LBZJFV78,OPERATIVE,34,56774917,1,NULL,
81797807,t,XXA5824KS6XM,OPERATIVE,35,20077493,1,NULL,
11550931,f,BD0ADI51J430,OPERATIVE,20,NULL,4,NULL,
62501765,f,M7IVX7S2JQW2,OPERATIVE,21,NULL,4,NULL,
87029011,t,N8K6VC7KOVCL,OPERATIVE,22,62618313,4,NULL,
69301983,t,YQ85BJXWTITX,OPERATIVE,23,99711508,4,NULL,
49728947,t,WFUIMIIEUE0E,OPERATIVE,24,46063556,4,NULL,
63546998,f,UJJR7Y713MPC,OPERATIVE,25,NULL,4,NULL,
56767792,t,XFWI69254Y7M,OPERATIVE,26,50596528,4,NULL,
38856096,t,HZBBRPC2NK25,OPERATIVE,27,65148703,4,NULL,
42542831,f,HS6ZSG29O8P7,OPERATIVE,28,NULL,4,NULL,
82380182,f,6FM4G3GVYYAR,OPERATIVE,29,NULL,4,NULL,
31294597,t,3KA26NHL3RFA,OPERATIVE,30,13305400,4,NULL,
78987646,f,6QYY0TV8LEXR,OPERATIVE,31,NULL,4,NULL,
48075225,t,19TKZKO2L9WX,OPERATIVE,32,26658686,4,NULL,
80257892,f,ELRQQDPN8HTC,OPERATIVE,33,NULL,4,NULL,
68075548,t,YGUWBFY7ONRR,OPERATIVE,34,29453493,4,NULL,
56696086,t,S4BXJW66TC77,OPERATIVE,35,44591027,4,NULL,
57908211,f,328ZAX84UMUU,OPERATIVE,0,NULL,13,NULL,
90706852,f,BJSF7TCL756O,OPERATIVE,1,NULL,13,NULL,
34320015,t,NSEHA77PYNZS,OPERATIVE,2,45672876,13,NULL,
92474326,f,JZWIJIT8H997,OPERATIVE,3,NULL,13,NULL,
58149545,t,PHGY1JVD4DLL,OPERATIVE,4,38070945,13,NULL,
94112922,f,5PYHP9BES9ZR,OPERATIVE,5,NULL,13,NULL,
31381962,t,XC3RS1XB301N,OPERATIVE,6,64173032,13,NULL,
99285424,f,IOSNW2T4DY7J,OPERATIVE,7,NULL,13,NULL,
94606762,f,YLRYXYOSUPMM,OPERATIVE,8,NULL,13,NULL,
70132446,t,U062T9YYD9NV,OPERATIVE,9,15566354,13,NULL,
75966490,t,XNC6C2Y6ALEG,OPERATIVE,10,82358964,13,NULL,
90632593,f,HXAKQRI5DF6P,OPERATIVE,11,NULL,13,NULL,
91631347,f,D134V4S0OSLY,OPERATIVE,12,NULL,13,NULL,
44723167,t,M97DEZEJJPM2,OPERATIVE,13,15160341,13,NULL,
54143083,t,EX51V5QQNOTK,OPERATIVE,14,39489728,13,NULL,
60107942,t,L4KTERTDUX7Q,OPERATIVE,15,86881188,13,NULL,
84424423,f,G7HL7P7FQ99R,OPERATIVE,0,NULL,14,NULL,
23366880,f,O3WQT5BGGVIM,OPERATIVE,1,NULL,14,NULL,
14977516,t,547K7USSQ9WQ,OPERATIVE,2,42550049,14,NULL,
98515581,f,J1WB3ABWIV4M,OPERATIVE,3,NULL,14,NULL,
34393578,f,AY1J33VWZSSO,OPERATIVE,4,NULL,14,NULL,
84806033,f,2BM8BE1CRYZK,OPERATIVE,5,NULL,14,NULL,
11780922,f,G7Z2D2M2LWCB,OPERATIVE,6,NULL,14,NULL,
78449791,t,5L8NAN70WR9N,OPERATIVE,7,50392074,14,NULL,
68715576,t,RAIH3GAK2EXU,OPERATIVE,8,60647739,14,NULL,
48231247,t,RAF8KMTGBRKY,OPERATIVE,9,82844430,14,NULL,
20543180,t,02CL3LO1J1DP,OPERATIVE,10,29728548,14,NULL,
86067702,f,801Z7Z2ISLLA,OPERATIVE,11,NULL,14,NULL,
92950756,t,TLJTGFYFS76B,OPERATIVE,12,17280610,14,NULL,
41033812,t,CH10CF05LX4N,OPERATIVE,13,37207277,14,NULL,
82800902,t,SIZJ8ATYTDUL,OPERATIVE,14,10120150,14,NULL,
88151092,t,887S5S4ZU4D2,OPERATIVE,15,72527364,14,NULL,
70154251,f,675935GI7POW,OPERATIVE,0,NULL,15,NULL,
32358551,f,VJNABFXMHUUT,OPERATIVE,1,NULL,15,NULL,
34543287,t,BIX5KP3UCEYP,OPERATIVE,2,71624673,15,NULL,
18252212,t,SQBPIFKH6X4O,OPERATIVE,3,46544019,15,NULL,
73623313,f,E1UHW0VIR0TV,OPERATIVE,4,NULL,15,NULL,
67345212,t,U61JD7MENUWT,OPERATIVE,5,12348031,15,NULL,
95979620,t,BN3W9LF0NNIT,OPERATIVE,6,24190293,15,NULL,
58251661,f,MCJAK8HS0V7C,OPERATIVE,7,NULL,15,NULL,
64700610,t,MK7SWS2H2JQ3,OPERATIVE,8,40276181,15,NULL,
99546441,f,HGAP7HETO7RY,OPERATIVE,9,NULL,15,NULL,
89496162,t,W62SEM4JLADS,OPERATIVE,10,71955239,15,NULL,
12413509,f,YL9FE25AGK8R,OPERATIVE,11,NULL,15,NULL,
45714101,t,3MJCCMP5NIFY,OPERATIVE,12,99203635,15,NULL,
97522407,t,AHR7WPDC101D,OPERATIVE,13,52877756,15,NULL,
16958346,t,T9FQCREVN3DV,OPERATIVE,14,25382106,15,NULL,
53315931,t,IGMD80U6YDCF,OPERATIVE,15,28669578,15,NULL,
57173467,f,4ZP4Y6K8QE42,OPERATIVE,0,NULL,16,NULL,
59589739,t,IV28QW7G2FD6,OPERATIVE,1,64194069,16,NULL,
94937961,f,S4PEZWPKJ6L9,OPERATIVE,2,NULL,16,NULL,
97246105,f,8W3P8RWPNRPJ,OPERATIVE,3,NULL,16,NULL,
16998037,t,GIKOUJNTYPS3,OPERATIVE,4,48411059,16,NULL,
89753097,t,R8PV005X949O,OPERATIVE,5,15760285,16,NULL,
17125081,f,JOMB64LIWM8B,OPERATIVE,6,NULL,16,NULL,
27017002,f,CP9CSR67J78E,OPERATIVE,7,NULL,16,NULL,
10896926,f,I83J1I9DH34S,OPERATIVE,8,NULL,16,NULL,
81750805,f,4DSN3S8JWUXH,OPERATIVE,9,NULL,16,NULL,
36209328,f,QSFVAHRO1DYN,OPERATIVE,10,NULL,16,NULL,
85712333,t,91747CQ8KWAP,OPERATIVE,11,56697597,16,NULL,
14314823,f,BLKGP3KIATD1,OPERATIVE,12,NULL,16,NULL,
93500848,t,Q1SNQV86XP1B,OPERATIVE,13,53104738,16,NULL,
51004259,t,JXOXYSTJCEHY,OPERATIVE,14,73625983,16,NULL,
43665024,f,BIDBERRM1TTX,OPERATIVE,15,NULL,16,NULL,
34890567,f,23K5VB34I4FH,OPERATIVE,0,NULL,17,NULL,
85579551,f,OUFU2IYWWYE0,OPERATIVE,1,NULL,17,NULL,
75033691,f,44NUQPG3YWNI,OPERATIVE,2,NULL,17,NULL,
39971580,f,Q8EOY3QRBR1X,OPERATIVE,3,NULL,17,NULL,
41602843,f,XDHP6VDOXK8W,OPERATIVE,4,NULL,17,NULL,
49200834,f,4F5FDTT6BLUZ,OPERATIVE,5,NULL,17,NULL,
51236326,f,NPPALIZI714M,OPERATIVE,6,NULL,17,NULL,
18466371,f,XZHSFG5TW01G,OPERATIVE,7,NULL,17,NULL,
13915951,f,93LNAMCG9ADD,OPERATIVE,8,NULL,17,NULL,
84991922,t,G6WFCFTAGRKY,OPERATIVE,9,54968146,17,NULL,
15154117,t,YRXE5IM1NV7V,OPERATIVE,10,47726967,17,NULL,
26456975,f,52VB0KDQ37VR,OPERATIVE,11,NULL,17,NULL,
76095755,t,59BQGZUPCNFH,OPERATIVE,12,10871214,17,NULL,
35586042,t,5XGT0ECQXFPH,OPERATIVE,13,68540316,17,NULL,
35275977,t,1OO52P6EVCC9,OPERATIVE,14,18713978,17,NULL,
66386891,t,FA7301OW24SB,OPERATIVE,15,36814403,17,NULL,
83468863,f,D8JLF8JHFEDA,OPERATIVE,0,NULL,18,NULL,
84333017,f,JY2XPXVCOD7V,OPERATIVE,1,NULL,18,NULL,
50575402,t,V5LK2UAH31R3,OPERATIVE,2,39934232,18,NULL,
66164840,f,5JXUQQX06L2I,OPERATIVE,3,NULL,18,NULL,
76057519,t,E5AHRLRODC3D,OPERATIVE,4,45104726,18,NULL,
18432900,f,7GWC1D2URJT0,OPERATIVE,5,NULL,18,NULL,
37114393,f,UVUORTA5JALD,OPERATIVE,6,NULL,18,NULL,
18478546,f,0BM5V8T9UHWV,OPERATIVE,7,NULL,18,NULL,
35375490,t,D0ROLB7L3VQO,OPERATIVE,8,89111269,18,NULL,
63092669,t,EZ9S8RPV1DLJ,OPERATIVE,9,81449939,18,NULL,
49477194,f,OXGKOAOI1OA5,OPERATIVE,10,NULL,18,NULL,
29569530,t,M7QFYU7JOWY2,OPERATIVE,11,22623608,18,NULL,
97946267,t,HLUXF81HRD5Y,OPERATIVE,12,92351259,18,NULL,
57122364,t,9YTC4HRESUWR,OPERATIVE,13,24441038,18,NULL,
82212245,f,X1D996IRLTNJ,OPERATIVE,14,NULL,18,NULL,
39867683,t,46QDK140YW7Z,OPERATIVE,15,14870644,18,NULL,
95939716,f,PMHCNSG3JD0Y,OPERATIVE,0,NULL,19,NULL,
23157832,f,UKIQN5XI06WU,OPERATIVE,1,NULL,19,NULL,
67648925,t,8KN5P9PIA0D3,OPERATIVE,2,50017357,19,NULL,
25717941,f,1JOSGRWFPJ9B,OPERATIVE,3,NULL,19,NULL,
47203324,t,61OIZ47U3G0F,OPERATIVE,4,59708848,19,NULL,
22489121,t,R3N29KXE7HOD,OPERATIVE,5,60268547,19,NULL,
79216046,f,5B733HB9X3H2,OPERATIVE,6,NULL,19,NULL,
76938047,f,1GFQ7A53TYU1,OPERATIVE,7,NULL,19,NULL,
61624551,t,L5T5H4FM2REC,OPERATIVE,8,30064023,19,NULL,
11968241,t,T22HPG1T89AN,OPERATIVE,9,99358701,19,NULL,
50300026,f,LINEK1I7P7NX,OPERATIVE,10,NULL,19,NULL,
32719310,t,FNJVOF5EBYLD,OPERATIVE,11,84058890,19,NULL,
96168875,t,WAGIMZRKFOQE,OPERATIVE,12,34450268,19,NULL,
17082397,t,9K1S9NB50T2S,OPERATIVE,13,45599196,19,NULL,
13424547,t,BCSCLNAYHE7Z,OPERATIVE,14,52531153,19,NULL,
11832449,t,6FHKWU9SIJJP,OPERATIVE,15,39080691,19,NULL,
16844135,f,XK2MSJHFUOKC,OPERATIVE,0,NULL,20,NULL,
94015906,f,D6O6E6U79BU3,OPERATIVE,1,NULL,20,NULL,
17358171,t,TKFFJSG9WXZD,OPERATIVE,2,70536815,20,NULL,
64093387,f,NLW7O82EUIWH,OPERATIVE,3,NULL,20,NULL,
57450968,t,0W2E2LO86KUV,OPERATIVE,4,55354402,20,NULL,
69317303,f,KIXEM6C95H9C,OPERATIVE,5,NULL,20,NULL,
52299343,t,AOFKQVAMNZQE,OPERATIVE,6,18343600,20,NULL,
30519167,t,WQ1M3WFQEZNH,OPERATIVE,7,66977510,20,NULL,
78861287,f,NKV5E9YCN676,OPERATIVE,8,NULL,20,NULL,
73663960,f,6D0J9GP40TXB,OPERATIVE,9,NULL,20,NULL,
14301987,t,Z9O5P69980EV,OPERATIVE,10,37080041,20,NULL,
96223812,t,I64FFALO4UE6,OPERATIVE,11,12917438,20,NULL,
10623853,t,66JMLXB13YKM,OPERATIVE,12,47087607,20,NULL,
96158061,t,4AJXM18CBJP0,OPERATIVE,13,64845840,20,NULL,
99026370,t,MG4GLTUX8OUN,OPERATIVE,14,25316895,20,NULL,
77160764,t,Z43VJUQW8M4S,OPERATIVE,15,81010676,20,NULL,
77499425,f,W0ZLGD07OJKX,OPERATIVE,0,NULL,21,NULL,
81686319,t,O53NRDZ8FI4F,OPERATIVE,1,93778973,21,NULL,
33328183,f,QFW285XWO5LG,OPERATIVE,2,NULL,21,NULL,
19127914,f,MTJWLB42WSQ2,OPERATIVE,3,NULL,21,NULL,
21164662,f,C7KB7Y0MO88Q,OPERATIVE,4,NULL,21,NULL,
84774131,t,ZR6CSFV1UU92,OPERATIVE,5,12927603,21,NULL,
94650085,t,CYAT1GZK8QS7,OPERATIVE,6,41871359,21,NULL,
85665127,t,PYU9MNOATYTW,OPERATIVE,7,57560457,21,NULL,
13372916,f,W4UIY5MRSNI0,OPERATIVE,8,NULL,21,NULL,
11154840,t,UJ4HQQC2NWDU,OPERATIVE,9,84473570,21,NULL,
89231391,t,KC52WWD5NAPW,OPERATIVE,10,66032258,21,NULL,
72659307,f,ZZFFY2VOCB5U,OPERATIVE,11,NULL,21,NULL,
76103373,t,FYZS3UK8932F,OPERATIVE,12,72858843,21,NULL,
33058283,t,NUCHGY4S4J1M,OPERATIVE,13,43962633,21,NULL,
24048828,t,YLOW2TH14HJR,OPERATIVE,14,68821293,21,NULL,
28948069,t,5EBZFA16Y2NO,OPERATIVE,15,36769320,21,NULL,
68658479,f,1JWLWMGF1AJ6,OPERATIVE,0,NULL,23,NULL,
18284795,f,WF8Z7OAU4BGD,OPERATIVE,1,NULL,23,NULL,
28156798,t,1N3LH6SVSTF0,OPERATIVE,2,43366979,23,NULL,
22836985,f,8NN5PPTA3725,OPERATIVE,3,NULL,23,NULL,
42502670,f,KDW6JNNJHUJE,OPERATIVE,4,NULL,23,NULL,
41888519,t,3Q4YXNO2DFH6,OPERATIVE,5,86306210,23,NULL,
56866212,f,SB6FXYIPVOOI,OPERATIVE,6,NULL,23,NULL,
40180736,f,BBNG8SH425YL,OPERATIVE,7,NULL,23,NULL,
24827915,f,9SDGW21AW7P0,OPERATIVE,8,NULL,23,NULL,
18885285,t,TSGN4Y14IJKY,OPERATIVE,9,74667673,23,NULL,
11651519,t,KX653MI3EBV7,OPERATIVE,10,76947005,23,NULL,
78660745,t,XGURH6R4ML3C,OPERATIVE,11,11673572,23,NULL,
34331167,t,1IZ84V4TJLXN,OPERATIVE,12,58515355,23,NULL,
86758540,t,RYS8PC32D5S1,OPERATIVE,13,91613421,23,NULL,
77725584,t,WNEAYEME0SRV,OPERATIVE,14,51080895,23,NULL,
95364315,t,BFFZZ9J9A4UD,OPERATIVE,15,24970438,23,NULL,
30986833,f,9ER71QDV12XZ,OPERATIVE,20,NULL,3,NULL,
41501213,f,4WD8ARJQW2H9,OPERATIVE,21,NULL,3,NULL,
72049414,f,SVYCNKMLYD39,OPERATIVE,22,NULL,3,NULL,
74207968,f,L864F1U5A1FC,OPERATIVE,23,NULL,3,NULL,
52133294,t,XC2G3BG6135R,OPERATIVE,24,79600327,3,NULL,
86328085,t,CN7T4189DG2K,OPERATIVE,25,44514028,3,NULL,
98980928,f,MD6VH8IKNHNX,OPERATIVE,26,NULL,3,NULL,
53003538,t,I6YP5ZQM470A,OPERATIVE,27,98756874,3,NULL,
66344055,t,UBWNGS04R9EA,OPERATIVE,28,76675235,3,NULL,
13010097,t,W8ZV8RAUHNG6,OPERATIVE,29,88424095,3,NULL,
50534364,t,2DGNQZE2V6YZ,OPERATIVE,30,88109551,3,NULL,
26979650,f,XO0YS55SIHDE,OPERATIVE,31,NULL,3,NULL,
31001457,t,7MPYK2J8L131,OPERATIVE,32,51822462,3,NULL,
15519270,t,89L3S2T6Q3H6,OPERATIVE,33,73321089,3,NULL,
73003342,t,ZHDS4360NMRZ,OPERATIVE,34,70753033,3,NULL,
26366853,t,LCRHUDY73YKJ,OPERATIVE,35,80339909,3,NULL,
86400649,f,T4QBK9RM6LWB,OPERATIVE,0,NULL,22,NULL,
89504388,f,ROP6TKC86PFU,OPERATIVE,1,NULL,22,NULL,
91521793,f,RNAVOFOUIFTF,OPERATIVE,2,NULL,22,NULL,
45781981,f,VIM495MN3SS4,OPERATIVE,3,NULL,22,NULL,
40154812,t,0VQ37ZFK2E98,OPERATIVE,4,42856132,22,NULL,
91075011,f,2P385EL6VM1J,OPERATIVE,5,NULL,22,NULL,
58110675,t,HKAFYCSC89KS,OPERATIVE,6,91520341,22,NULL,
42301709,t,MEFH8GQON8U4,OPERATIVE,7,89247141,22,NULL,
86232462,t,CZWO8SD2AX26,OPERATIVE,8,45506190,22,NULL,
69850408,t,YVRFHPJ0QT6L,OPERATIVE,9,45656829,22,NULL,
15240272,f,V1QY4Q83EJRQ,OPERATIVE,10,NULL,22,NULL,
60825898,f,FBXIEBT5P0C3,OPERATIVE,11,NULL,22,NULL,
25307856,t,8YSMW88ZHA2M,OPERATIVE,12,98273127,22,NULL,
85428368,f,55O43T96JN4L,OPERATIVE,13,NULL,22,NULL,
26284025,t,FR4X9G60I8GL,OPERATIVE,14,58457398,22,NULL,
10937213,t,41AMPKYV69DA,OPERATIVE,15,93759256,22,NULL,
